{
  "results": [
    {
      "command": "../bin/radd scripts/concat.rad",
      "mean": 0.36966842676,
      "stddev": 0.0014713388296046217,
      "median": 0.36965814336,
      "user": 0.37508916,
      "system": 0.016513859999999998,
      "min": 0.36772149786,
      "max": 0.37275016486,
      "times": [
        0.37275016486,
        0.36993874686,
        0.37037220586,
        0.36824212186000005,
        0.36937753986000005,
        0.36772149786,
        0.37041899686,
        0.36897816486,
        0.36835462286000004,
        0.37053020586
      ],
      "exit_codes": [
        0,
        0,
        0,
        0,
        0,
        0,
        0,
        0,
        0,
        0
      ]
    },
    {
      "command": "../bin/radd scripts/for-loop-add.rad",
      "mean": 0.28559321845999996,
      "stddev": 0.007840158223975872,
      "median": 0.28226822686,
      "user": 0.28191906000000005,
      "system": 0.01255446,
      "min": 0.28001753886,
      "max": 0.30102428886000004,
      "times": [
        0.28112987286,
        0.28322162286,
        0.28001753886,
        0.28138045586000004,
        0.30102428886000004,
        0.28330695586000004,
        0.29965570586,
        0.28253824786000004,
        0.28199820586,
        0.28165928986
      ],
      "exit_codes": [
        0,
        0,
        0,
        0,
        0,
        0,
        0,
        0,
        0,
        0
      ]
    },
    {
      "command": "../bin/radd scripts/math.rad",
      "mean": 0.51188296416,
      "stddev": 0.01572304756356324,
      "median": 0.50400268536,
      "user": 0.49588386,
      "system": 0.020823559999999998,
      "min": 0.50055862186,
      "max": 0.5410074138600001,
      "times": [
        0.5028335808600001,
        0.5032742478600001,
        0.50055862186,
        0.50675616386,
        0.50473112286,
        0.50175674786,
        0.5025542888600001,
        0.54045453986,
        0.5149029138600001,
        0.5410074138600001
      ],
      "exit_codes": [
        0,
        0,
        0,
        0,
        0,
        0,
        0,
        0,
        0,
        0
      ]
    },
    {
      "command": "../bin/radd scripts/read-file.rad",
      "mean": 0.40626971026,
      "stddev": 0.008465253690953165,
      "median": 0.40331943536000003,
      "user": 0.34839116000000003,
      "system": 0.08281226,
      "min": 0.40115987286000004,
      "max": 0.42991903986,
      "times": [
        0.40318841486,
        0.40738658086,
        0.40312003886000003,
        0.40370712286000004,
        0.40320174786,
        0.40115987286000004,
        0.42991903986,
        0.40343712286000005,
        0.40492137286,
        0.40265578886000003
      ],
      "exit_codes": [
        0,
        0,
        0,
        0,
        0,
        0,
        0,
        0,
        0,
        0
      ]
    }
  ]
}
