{
  "results": [
    {
      "command": "scripts/concat.rsl",
      "mean": 0.37058172828,
      "stddev": 0.006343755101093524,
      "median": 0.36878346988000005,
      "user": 0.37487680000000007,
      "system": 0.016895840000000002,
      "min": 0.36582642838000007,
      "max": 0.38764801138000005,
      "times": [
        0.37312846938000005,
        0.36582642838000007,
        0.36658592838000004,
        0.36844763638000005,
        0.37050313638000004,
        0.36911930338000004,
        0.36773517838,
        0.36750472038000004,
        0.36931847038000004,
        0.38764801138000005
      ],
      "exit_codes": [
        0,
        0,
        0,
        0,
        0,
        0,
        0,
        0,
        0,
        0
      ]
    },
    {
      "command": "scripts/for-loop-add.rsl",
      "mean": 0.56576841148,
      "stddev": 0.01707259676678665,
      "median": 0.5563896988800001,
      "user": 0.5611277999999998,
      "system": 0.023012440000000002,
      "min": 0.55186113638,
      "max": 0.6041288033800001,
      "times": [
        0.55394401138,
        0.55607738638,
        0.55186113638,
        0.5527591783800001,
        0.5567020113800001,
        0.58014605338,
        0.6041288033800001,
        0.5752833863800001,
        0.5543190533800001,
        0.5724630943800001
      ],
      "exit_codes": [
        0,
        0,
        0,
        0,
        0,
        0,
        0,
        0,
        0,
        0
      ]
    },
    {
      "command": "scripts/math.rsl",
      "mean": 0.4968625824800001,
      "stddev": 0.0019889735356588794,
      "median": 0.4964487618800001,
      "user": 0.48376229999999987,
      "system": 0.01842564,
      "min": 0.49355138638000007,
      "max": 0.50033176138,
      "times": [
        0.4965619283800001,
        0.49723188638000004,
        0.50033176138,
        0.49355138638000007,
        0.49633559538000005,
        0.49613380338000007,
        0.49557680338000004,
        0.4953240533800001,
        0.49903880338000006,
        0.49853980338000004
      ],
      "exit_codes": [
        0,
        0,
        0,
        0,
        0,
        0,
        0,
        0,
        0,
        0
      ]
    },
    {
      "command": "scripts/read-file.rsl",
      "mean": 0.40678764078000007,
      "stddev": 0.0015132906812756774,
      "median": 0.4073067408800001,
      "user": 0.3482699,
      "system": 0.08418684000000001,
      "min": 0.40392051138000007,
      "max": 0.40860430338000003,
      "times": [
        0.40392051138000007,
        0.40755638638,
        0.40464134438000005,
        0.40747784538000004,
        0.40713563638000005,
        0.40595059438000003,
        0.40860430338000003,
        0.40791397038000005,
        0.40793784538000005,
        0.40673797038000004
      ],
      "exit_codes": [
        0,
        0,
        0,
        0,
        0,
        0,
        0,
        0,
        0,
        0
      ]
    }
  ]
}
