{
  "results": [
    {
      "command": "../bin/radd scripts/concat.rsl",
      "mean": 0.5100992292,
      "stddev": 0.0029189330395512545,
      "median": 0.5092756209,
      "user": 0.51905716,
      "system": 0.019589440000000003,
      "min": 0.5072451004,
      "max": 0.5163428084,
      "times": [
        0.5093530164000001,
        0.5074285164000001,
        0.5072736834,
        0.5127810994,
        0.5072451004,
        0.5107611834000001,
        0.5091982254,
        0.5086682674,
        0.5119403914,
        0.5163428084
      ],
      "exit_codes": [
        0,
        0,
        0,
        0,
        0,
        0,
        0,
        0,
        0,
        0
      ]
    },
    {
      "command": "../bin/radd scripts/for-loop-add.rsl",
      "mean": 0.4182889,
      "stddev": 0.007154627709993458,
      "median": 0.4160980999,
      "user": 0.41671126000000003,
      "system": 0.01596674,
      "min": 0.41016368340000003,
      "max": 0.43209151640000004,
      "times": [
        0.41016368340000003,
        0.43209151640000004,
        0.41414139140000006,
        0.42369689140000005,
        0.41327776740000005,
        0.42289880840000005,
        0.42423593340000004,
        0.41283776640000003,
        0.4114904334000001,
        0.41805480840000003
      ],
      "exit_codes": [
        0,
        0,
        0,
        0,
        0,
        0,
        0,
        0,
        0,
        0
      ]
    },
    {
      "command": "../bin/radd scripts/math.rsl",
      "mean": 0.596971075,
      "stddev": 0.021810020689576146,
      "median": 0.5892580584,
      "user": 0.58254216,
      "system": 0.020427439999999998,
      "min": 0.5760975584000001,
      "max": 0.6382507254,
      "times": [
        0.5824630994000001,
        0.6328683924,
        0.5993201834,
        0.6382507254,
        0.5892350584,
        0.5892810584000001,
        0.5760975584000001,
        0.5847798914000001,
        0.5779236414000001,
        0.5994911414
      ],
      "exit_codes": [
        0,
        0,
        0,
        0,
        0,
        0,
        0,
        0,
        0,
        0
      ]
    },
    {
      "command": "../bin/radd scripts/read-file.rsl",
      "mean": 0.551084496,
      "stddev": 0.019700134897382652,
      "median": 0.5472810584000001,
      "user": 0.48371395999999994,
      "system": 0.09402943999999999,
      "min": 0.5292693504,
      "max": 0.5921520584000001,
      "times": [
        0.5578472664,
        0.5921520584000001,
        0.5713413084000001,
        0.5576369754,
        0.5396366424000001,
        0.5534090584000001,
        0.5292693504,
        0.5305860584000001,
        0.5378131834000001,
        0.5411530584
      ],
      "exit_codes": [
        0,
        0,
        0,
        0,
        0,
        0,
        0,
        0,
        0,
        0
      ]
    }
  ]
}
